{
  "元信息": {
    "保存时间": "2026-01-04T18:06:02.916985",
    "训练时长": 0.007000446319580078,
    "总批次数": 1,
    "总轮次数": 1
  },
  "批次历史": [
    {
      "批次": 1,
      "loss": 0.5,
      "时间戳": 1767521162.9119864,
      "其他指标": {}
    }
  ],
  "轮次历史": [
    {
      "轮次": 1,
      "训练loss": 0.4,
      "验证loss": null,
      "训练准确率": null,
      "验证准确率": null,
      "学习率": null,
      "耗时": 0.0020029544830322266,
      "时间戳": 1767521162.912989
    }
  ]
}